rating_id,user_id,movie_id,rating,review_date
R10001,15004,1137,4,2024-11-01
R10002,15017,1208,4,2024-11-01
R10003,15000,1433,4,2024-11-01
R10004,15021,2701,4,2024-11-01
R10005,15035,3710,4,2024-11-02
R10006,15001,1125,5,2024-11-02
R10007,15002,269,4,2024-11-02
R10008,15021,2754,4,2024-11-02
R10009,15004,2289,5,2024-11-02
R10010,15019,431,4,2024-11-02
R10011,15002,2722,3,2024-11-02
R10012,15021,2472,1,2024-11-02
R10013,15020,1661,3,2024-11-03
R10014,15049,3218,4,2024-11-03
R10015,15044,2691,3,2024-11-03
R10016,15022,4174,4,2024-11-03
R10017,15056,1595,4,2024-11-03
R10018,15054,3742,4,2024-11-03
R10019,15023,1976,4,2024-11-03
R10020,15007,2308,4,2024-11-03
R10021,15020,109,5,2024-11-03
R10022,15035,2841,5,2024-11-03
R10023,15020,3001,4,2024-11-04
R10025,15022,3741,4,2024-11-04
R10026,15005,980,5,2024-11-04
R10027,15044,1208,5,2024-11-04
R10028,15015,3405,5,2024-11-04
R10029,15083,2051,4,2024-11-04
R10030,15017,1732,5,2024-11-04
R10031,15004,636,4,2024-11-04
R10032,15056,2661,3,2024-11-04
R10033,15039,51,5,2024-11-04
R10034,15015,1175,2,2024-11-04
R10035,15002,2817,4,2024-11-04
R10036,15000,3787,5,2024-11-04
R10037,15002,1314,4,2024-11-04
R10038,15063,3150,5,2024-11-04
R10039,15059,2421,2,2024-11-05
R10040,15040,1698,5,2024-11-05
R10041,15054,3904,5,2024-11-05
R10042,15021,3000,2,2024-11-05
R10043,15024,1834,5,2024-11-05
R10044,15077,296,2,2024-11-05
R10046,15030,4177,2,2024-11-05
R10047,15061,4094,4,2024-11-05
R10048,15007,4049,4,2024-11-05
R10049,15000,331,4,2024-11-05
R10050,15110,3439,4,2024-11-06
R10051,15002,3681,5,2024-11-06
R10052,15095,447,4,2024-11-06
R10053,15035,3283,5,2024-11-06
R10054,15007,1529,4,2024-11-06
R10055,15004,194,4,2024-11-06
R10056,15052,45,5,2024-11-06
R10057,15049,472,4,2024-11-06
R10058,15085,673,5,2024-11-06
R10059,15020,2027,4,2024-11-06
R10060,15015,1406,4,2024-11-06
R10061,15056,823,5,2024-11-06
R10062,15077,3816,4,2024-11-07
R10064,15101,3710,5,2024-11-07
R10065,15104,1510,5,2024-11-07
R10066,15030,2669,4,2024-11-07
R10067,15061,1710,4,2024-11-07
R10068,15073,3742,4,2024-11-07
R10069,15103,1369,4,2024-11-07
R10070,15119,488,4,2024-11-07
R10071,15130,2723,3,2024-11-07
R10072,15072,1359,3,2024-11-07
R10073,15040,4025,4,2024-11-07
R10074,15020,3673,4,2024-11-07
R10075,15015,2720,3,2024-11-07
R10076,15119,488,4,2024-11-07
R10077,15023,1627,3,2024-11-07
R10078,15073,1170,5,2024-11-07
R10079,15021,1991,4,2024-11-07
R10080,15112,3155,3,2024-11-07
R10081,15023,4105,4,2024-11-08
R10082,15004,447,4,2024-11-08
R10083,15107,516,4,2024-11-08
R10084,15030,3783,4,2024-11-08
R10085,15078,1388,2,2024-11-08
R10086,15095,1150,4,2024-11-08
R10087,15030,1479,4,2024-11-08
R10089,15134,446,5,2024-11-08
R10090,15076,2855,5,2024-11-08
R10091,15004,3533,5,2024-11-08
R10093,15139,210,4,2024-11-08
R10094,15000,1684,4,2024-11-08
R10095,15082,790,4,2024-11-08
R10096,15128,1727,5,2024-11-08
R10097,15099,1513,4,2024-11-08
R10098,15004,4105,4,2024-11-08
R10099,15024,2912,5,2024-11-08
R10100,15107,3540,4,2024-11-08
R10101,15085,3579,5,2024-11-08
R10102,15110,1302,4,2024-11-08
R10103,15022,2952,4,2024-11-08
R10104,15126,982,4,2024-11-08
R10105,15112,3871,5,2024-11-08
R10107,15124,1229,3,2024-11-08
R10108,15094,3288,4,2024-11-08
R10109,15040,1303,3,2024-11-09
R10110,15167,378,5,2024-11-09
R10111,15063,3932,4,2024-11-09
R10112,15059,2418,5,2024-11-09
R10113,15099,488,4,2024-11-09
R10114,15083,1433,4,2024-11-09
R10115,15021,1665,2,2024-11-09
R10116,15021,4204,4,2024-11-09
R10117,15030,2912,1,2024-11-09
R10118,15166,3172,4,2024-11-09
R10119,15115,636,4,2024-11-09
R10120,15112,1347,4,2024-11-09
R10121,15124,1294,2,2024-11-09
R10122,15059,51,2,2024-11-09
R10123,15115,3224,4,2024-11-09
R10124,15022,1011,5,2024-11-09
R10125,15076,1597,4,2024-11-09
R10127,15021,2103,2,2024-11-09
R10128,15103,1084,4,2024-11-09
R10129,15063,552,4,2024-11-09
R10130,15145,3056,5,2024-11-09
R10131,15052,2946,4,2024-11-09
R10132,15015,2825,4,2024-11-09
R10133,15049,2268,5,2024-11-09
R10134,15130,187,5,2024-11-09
R10135,15049,3169,4,2024-11-09
R10136,15072,1612,4,2024-11-09
R10137,15021,2343,5,2024-11-09
R10138,15054,2223,4,2024-11-09
R10139,15107,3751,5,2024-11-09
R10140,15141,3506,4,2024-11-09
R10141,15079,1767,5,2024-11-09
R10142,15104,4214,4,2024-11-09
R10143,15030,650,5,2024-11-09
R10144,15020,3265,4,2024-11-09
R10145,15020,1698,4,2024-11-09
R10146,15154,4025,4,2024-11-09
R10147,15098,2407,4,2024-11-09
R10148,15081,2855,4,2024-11-09
R10149,15005,4025,4,2024-11-09
R10150,15017,799,5,2024-11-09
R10151,15136,3061,4,2024-11-09
R10152,15107,3859,5,2024-11-10
R10153,15110,126,4,2024-11-10
R10154,15020,1665,4,2024-11-10
R10155,15158,3871,4,2024-11-10
R10156,15020,4105,4,2024-11-10
R10157,15085,917,4,2024-11-10
R10158,15000,1531,5,2024-11-10
R10159,15175,1294,4,2024-11-10
R10160,15007,3150,4,2024-11-10
R10161,15183,1495,4,2024-11-10
R10162,15035,2027,4,2024-11-10
R10163,15152,1471,4,2024-11-10
R10164,15072,4212,4,2024-11-10
R10165,15120,1341,4,2024-11-10
R10166,15079,3932,4,2024-11-10
R10167,15105,109,4,2024-11-10
R10168,15158,2289,4,2024-11-10
R10169,15120,1732,4,2024-11-10
R10170,15073,2487,4,2024-11-10
R10171,15095,2132,4,2024-11-10
R10172,15059,1140,4,2024-11-10
R10173,15083,2015,3,2024-11-10
R10174,15072,2817,2,2024-11-10
R10175,15173,4025,4,2024-11-10
R10176,15077,799,4,2024-11-10
R10177,15128,41,5,2024-11-10
R10178,15139,1412,4,2024-11-10
R10179,15086,224,4,2024-11-10
R10180,15021,2863,4,2024-11-10
R10181,15077,3626,5,2024-11-10
R10182,15168,631,4,2024-11-10
R10183,15119,2140,4,2024-11-10
R10185,15085,965,5,2024-11-10
R10186,15167,462,4,2024-11-10
R10187,15158,4225,4,2024-11-10
R10188,15178,2812,4,2024-11-10
R10189,15094,4221,4,2024-11-10
R10190,15023,2027,4,2024-11-10
R10191,15179,4049,4,2024-11-10
R10192,15175,2041,4,2024-11-10
R10193,15049,3232,4,2024-11-10
R10194,15115,896,4,2024-11-10
R10195,15172,4177,3,2024-11-10
R10196,15095,2803,3,2024-11-10
R10197,15074,2563,2,2024-11-11
R10198,15072,270,4,2024-11-11
R10199,15002,3040,5,2024-11-11
R10200,15095,1006,5,2024-11-11
R10201,15103,219,5,2024-11-11
R10202,15020,3977,4,2024-11-11
R10203,15017,109,4,2024-11-11
R10204,15023,1105,4,2024-11-11
R10205,15015,3000,4,2024-11-11
R10206,15202,2842,5,2024-11-11
R10207,15019,1170,4,2024-11-11
R10208,15124,62,2,2024-11-11
R10209,15199,4008,4,2024-11-11
R10210,15052,2992,2,2024-11-11
R10211,15021,631,4,2024-11-11
R10212,15061,2722,3,2024-11-11
R10213,15049,3579,4,2024-11-11
R10214,15110,2584,3,2024-11-11
R10215,15078,1433,4,2024-11-11
R10216,15078,2882,5,2024-11-11
R10217,15094,4018,4,2024-11-11
R10218,15074,2315,5,2024-11-11
R10219,15094,378,4,2024-11-11
R10220,15202,2046,4,2024-11-11
R10221,15030,2401,4,2024-11-11
R10222,15178,2882,5,2024-11-11
R10223,15154,194,5,2024-11-11
R10224,15173,2289,5,2024-11-11
R10225,15192,1769,5,2024-11-11
R10226,15015,2281,5,2024-11-11
R10227,15072,683,4,2024-11-11
R10228,15150,4061,4,2024-11-11
R10229,15165,3409,4,2024-11-11
R10230,15020,3778,2,2024-11-11
R10231,15072,3613,5,2024-11-12
R10232,15179,2247,4,2024-11-12
R10233,15052,3844,3,2024-11-12
R10234,15095,2663,2,2024-11-12
R10235,15023,950,5,2024-11-12
R10236,15077,3637,5,2024-11-12
R10237,15145,366,5,2024-11-12
R10238,15178,3687,5,2024-11-12
R10239,15167,516,5,2024-11-12
R10240,15205,4063,4,2024-11-12
R10241,15199,1294,4,2024-11-12
R10242,15000,1909,5,2024-11-12
R10243,15175,1561,4,2024-11-12
R10244,15094,507,4,2024-11-12
R10245,15134,1014,4,2024-11-12
R10246,15145,3629,3,2024-11-12
R10247,15078,2090,5,2024-11-12
R10248,15023,86,4,2024-11-12
R10249,15134,3141,4,2024-11-12
R10250,15001,2289,4,2024-11-12
R10251,15073,3778,5,2024-11-12
R10252,15158,1137,4,2024-11-12
R10253,15130,2450,4,2024-11-12
R10254,15154,3844,4,2024-11-12
R10255,15099,857,5,2024-11-12
R10256,15095,610,5,2024-11-12
R10257,15056,1150,4,2024-11-12
R10258,15199,2669,2,2024-11-12
R10259,15136,488,4,2024-11-12
R10260,15213,3892,4,2024-11-12
R10261,15081,472,5,2024-11-12
R10262,15213,1013,5,2024-11-12
R10263,15095,2549,3,2024-11-12
R10264,15169,1620,4,2024-11-12
R10265,15094,2663,3,2024-11-12
R10266,15156,4225,4,2024-11-12
R10267,15105,2214,4,2024-11-12
R10268,15126,1147,4,2024-11-13
R10269,15017,1158,2,2024-11-13
R10270,15085,447,5,2024-11-13
R10271,15168,3148,4,2024-11-13
R10272,15171,1027,5,2024-11-13
R10274,15112,662,4,2024-11-13
R10275,15166,2113,5,2024-11-13
R10276,15002,1081,5,2024-11-13
R10277,15179,3548,4,2024-11-13
R10278,15022,4140,4,2024-11-13
R10279,15054,3744,4,2024-11-13
R10280,15107,2723,4,2024-11-13
R10281,15168,3421,5,2024-11-13
R10282,15077,3757,4,2024-11-13
R10283,15015,2661,2,2024-11-13
R10284,15086,2942,4,2024-11-13
R10285,15178,1185,4,2024-11-13
R10286,15220,2945,4,2024-11-13
R10288,15004,2099,3,2024-11-13
R10289,15217,3738,5,2024-11-13
R10290,15039,2472,4,2024-11-13
R10291,15099,2066,5,2024-11-13
R10292,15015,3627,5,2024-11-13
R10293,15099,2041,4,2024-11-13
R10294,15001,2825,4,2024-11-13
R10295,15039,1701,5,2024-11-13
R10296,15104,2486,2,2024-11-13
R10297,15082,3410,4,2024-11-13
R10298,15023,1107,4,2024-11-13
R10299,15156,140,5,2024-11-13
R10300,15094,4200,5,2024-11-13
R10301,15077,2439,4,2024-11-13
R10302,15110,3742,5,2024-11-13
R10303,15119,1991,2,2024-11-13
R10304,15078,1175,4,2024-11-13
R10305,15104,1148,4,2024-11-13
R10306,15024,2366,4,2024-11-13
R10307,15217,1607,4,2024-11-13
R10308,15225,4177,4,2024-11-13
R10309,15107,3953,2,2024-11-14
R10310,15150,790,4,2024-11-14
R10311,15119,917,5,2024-11-14
R10312,15211,1003,4,2024-11-14
R10313,15105,4191,4,2024-11-14
R10314,15115,2418,4,2024-11-14
R10315,15145,1255,4,2024-11-14
R10316,15119,1208,4,2024-11-14
R10317,15209,913,2,2024-11-14
R10318,15044,2769,4,2024-11-14
R10319,15125,3570,2,2024-11-14
R10320,15130,1636,4,2024-11-14
R10321,15061,1597,4,2024-11-14
R10322,15225,4201,2,2024-11-14
R10323,15056,1477,4,2024-11-14
R10324,15056,650,2,2024-11-14
R10325,15019,2134,5,2024-11-14
R10326,15112,3803,5,2024-11-14
R10327,15022,2882,5,2024-11-14
R10328,15167,2806,5,2024-11-14
R10329,15220,109,4,2024-11-14
R10330,15213,2041,5,2024-11-14
R10331,15125,3019,5,2024-11-14
R10332,15213,2215,4,2024-11-14
R10333,15005,3224,2,2024-11-14
R10334,15194,321,5,2024-11-14
R10335,15082,3779,4,2024-11-14
R10336,15005,1107,4,2024-11-14
R10337,15056,118,4,2024-11-14
R10338,15023,2487,4,2024-11-14
R10339,15217,2842,4,2024-11-14
R10340,15168,454,5,2024-11-14
R10341,15169,1148,4,2024-11-14
R10342,15193,676,5,2024-11-14
R10343,15167,2090,4,2024-11-14
R10344,15110,513,4,2024-11-14
R10345,15000,2380,4,2024-11-14
R10346,15056,3783,5,2024-11-14
R10347,15095,1135,4,2024-11-14
R10348,15072,1388,4,2024-11-14
R10349,15198,3578,4,2024-11-15
R10350,15094,3826,4,2024-11-15
R10352,15103,1482,4,2024-11-15
R10353,15158,135,4,2024-11-15
R10354,15249,525,4,2024-11-15
R10355,15110,3248,4,2024-11-15
R10356,15005,109,5,2024-11-15
R10357,15059,472,4,2024-11-15
R10358,15166,3787,4,2024-11-15
R10359,15020,1936,4,2024-11-15
R10360,15030,2027,4,2024-11-15
R10361,15105,2761,4,2024-11-15
R10362,15193,3423,5,2024-11-15
R10363,15052,1530,4,2024-11-15
R10364,15015,360,4,2024-11-15
R10365,15112,2697,3,2024-11-15
R10366,15107,662,4,2024-11-15
R10367,15078,570,4,2024-11-15
R10368,15178,2669,4,2024-11-15
R10369,15044,2897,4,2024-11-15
R10370,15165,507,4,2024-11-15
R10371,15112,2323,4,2024-11-15
R10372,15198,2349,4,2024-11-15
R10373,15020,3048,5,2024-11-15
R10374,15223,921,4,2024-11-15
R10375,15098,2626,2,2024-11-15
R10376,15004,2315,4,2024-11-15
R10377,15145,4160,1,2024-11-15
R10378,15165,1353,4,2024-11-15
R10379,15035,2663,3,2024-11-15
R10380,15061,1433,4,2024-11-15
R10381,15257,1175,4,2024-11-15
R10382,15168,3283,5,2024-11-15
R10383,15078,1134,4,2024-11-15
R10384,15030,1909,4,2024-11-15
R10385,15175,2640,2,2024-11-15
R10386,15168,1175,4,2024-11-15
R10387,15194,2531,4,2024-11-15
R10388,15257,1226,4,2024-11-15
R10390,15167,2730,3,2024-11-15
R10391,15101,420,2,2024-11-15
R10392,15000,3031,4,2024-11-15
R10393,15167,1347,4,2024-11-15
R10394,15059,2113,4,2024-11-15
R10395,15119,3787,4,2024-11-15
R10396,15002,1433,4,2024-11-15
R10397,15178,1549,4,2024-11-15
R10398,15063,650,4,2024-11-15
R10399,15256,631,4,2024-11-15
R10400,15259,1612,2,2024-11-15
R10401,15259,2027,4,2024-11-15
R10402,15134,2697,5,2024-11-15
R10403,15175,1848,3,2024-11-15
R10404,15110,235,3,2024-11-15
R10405,15145,3278,4,2024-11-15
R10406,15110,1587,4,2024-11-15
R10407,15099,4200,4,2024-11-15
R10408,15274,3057,5,2024-11-16
R10409,15156,2549,2,2024-11-16
R10410,15052,2479,4,2024-11-16
R10411,15072,2389,4,2024-11-16
R10412,15225,2762,2,2024-11-16
R10413,15282,2865,4,2024-11-16
R10414,15236,3379,4,2024-11-16
R10415,15076,378,4,2024-11-16
R10416,15171,2145,3,2024-11-16
R10417,15270,3275,4,2024-11-16
R10418,15078,439,5,2024-11-16
R10419,15023,3423,5,2024-11-16
R10420,15019,86,2,2024-11-16
R10421,15104,1767,2,2024-11-16
R10422,15165,1107,3,2024-11-16
R10423,15273,1494,2,2024-11-16
R10424,15173,715,5,2024-11-16
R10425,15209,4049,4,2024-11-16
R10426,15098,3643,5,2024-11-16
R10427,15105,823,4,2024-11-16
R10428,15167,3731,4,2024-11-16
R10429,15277,799,5,2024-11-16
R10430,15272,3768,5,2024-11-16
R10431,15274,3260,5,2024-11-16
R10432,15273,2098,5,2024-11-16
R10433,15215,4212,4,2024-11-16
R10434,15227,2503,4,2024-11-16
R10435,15269,2741,2,2024-11-16
R10436,15103,3001,4,2024-11-16
R10437,15004,1936,4,2024-11-16
R10438,15152,3248,1,2024-11-16
R10439,15020,296,4,2024-11-16
R10440,15225,4049,4,2024-11-16
R10441,15269,3155,4,2024-11-16
R10442,15125,2202,4,2024-11-16
R10443,15220,3000,2,2024-11-16
R10444,15205,3416,4,2024-11-16
R10445,15193,2945,4,2024-11-16
R10446,15128,139,3,2024-11-16
R10447,15224,2654,2,2024-11-16
R10448,15074,3735,5,2024-11-16
R10449,15254,437,2,2024-11-16
R10450,15227,2027,3,2024-11-16
R10451,15120,1302,3,2024-11-16
R10453,15156,2894,4,2024-11-16
R10454,15227,331,4,2024-11-16
R10455,15077,3027,4,2024-11-16
R10456,15007,3644,4,2024-11-16
R10457,15237,1139,4,2024-11-16
R10458,15254,2598,3,2024-11-16
R10459,15237,2325,4,2024-11-16
R10460,15024,1529,4,2024-11-16
R10461,15130,13,5,2024-11-16
R10462,15115,2855,4,2024-11-16
R10463,15005,981,5,2024-11-16
R10464,15019,166,3,2024-11-16
R10465,15002,3148,3,2024-11-16
R10466,15002,3655,4,2024-11-16
R10467,15267,4019,4,2024-11-16
R10468,15021,2663,4,2024-11-16
R10469,15104,2942,4,2024-11-16
R10470,15275,1739,4,2024-11-16
R10471,15124,2595,2,2024-11-16
R10472,15079,1011,3,2024-11-16
R10473,15259,3901,3,2024-11-16
R10474,15073,4025,2,2024-11-16
R10475,15125,3061,4,2024-11-16
R10476,15274,1093,4,2024-11-16
R10477,15074,2251,3,2024-11-16
R10478,15274,1554,4,2024-11-16
R10479,15079,792,4,2024-11-16
R10480,15030,2729,4,2024-11-16
R10481,15168,1739,5,2024-11-16
R10482,15268,2132,4,2024-11-16
R10483,15211,3162,4,2024-11-16
R10484,15229,4147,3,2024-11-16
R10485,15040,109,5,2024-11-16
R10486,15005,2565,4,2024-11-17
R10487,15285,3710,5,2024-11-17
R10488,15167,2505,4,2024-11-17
R10489,15126,1909,5,2024-11-17
R10490,15145,3435,4,2024-11-17
R10491,15002,2778,4,2024-11-17
R10492,15015,1506,4,2024-11-17
R10493,15154,3643,4,2024-11-17
R10494,15275,3816,4,2024-11-17
R10496,15167,2287,4,2024-11-17
R10497,15085,2669,3,2024-11-17
R10498,15074,4159,4,2024-11-17
R10499,15000,2816,4,2024-11-17
R10500,15293,2652,4,2024-11-17
R10501,15120,4079,5,2024-11-17
R10502,15154,360,5,2024-11-17
R10503,15293,105,4,2024-11-17
R10504,15224,970,5,2024-11-17
R10505,15213,3409,5,2024-11-17
R10506,15152,234,5,2024-11-17
R10507,15257,3540,4,2024-11-17
R10508,15243,3006,4,2024-11-17
R10509,15104,3057,4,2024-11-17
R10510,15255,51,5,2024-11-17
R10511,15017,3651,3,2024-11-17
R10512,15268,1107,4,2024-11-17
R10513,15254,2479,4,2024-11-17
R10514,15261,1208,4,2024-11-17
R10515,15299,1767,4,2024-11-17
R10516,15175,3029,4,2024-11-17
R10517,15001,3932,4,2024-11-17
R10518,15139,3673,5,2024-11-17
R10519,15061,2278,4,2024-11-17
R10520,15030,14,4,2024-11-17
R10521,15152,421,5,2024-11-17
R10522,15150,1140,3,2024-11-17
R10523,15194,2349,4,2024-11-17
R10524,15225,4044,4,2024-11-17
R10525,15287,31,5,2024-11-17
R10526,15104,3932,5,2024-11-17
R10527,15005,4031,5,2024-11-17
R10528,15083,2611,2,2024-11-17
R10529,15275,1027,5,2024-11-17
R10530,15171,3299,4,2024-11-17
R10531,15274,4147,4,2024-11-17
R10532,15268,1295,5,2024-11-17
R10533,15167,17,4,2024-11-17
R10534,15269,558,4,2024-11-17
R10535,15270,109,2,2024-11-17
R10536,15152,821,4,2024-11-17
R10537,15243,331,5,2024-11-17
R10538,15169,1823,5,2024-11-17
R10539,15196,1371,4,2024-11-17
R10540,15020,2041,4,2024-11-17
R10541,15000,1364,1,2024-11-17
R10542,15095,2882,4,2024-11-17
R10543,15074,1909,5,2024-11-17
R10544,15134,2773,1,2024-11-17
R10545,15273,3787,4,2024-11-17
R10546,15198,790,5,2024-11-17
R10547,15277,3019,4,2024-11-17
R10548,15095,3355,4,2024-11-17
R10549,15035,3757,4,2024-11-17
R10550,15269,378,4,2024-11-17
R10551,15296,1739,4,2024-11-17
R10552,15076,2247,4,2024-11-17
R10553,15179,2730,4,2024-11-17
R10554,15056,3166,4,2024-11-17
R10555,15283,1471,4,2024-11-17
R10556,15077,909,3,2024-11-17
R10557,15268,3519,4,2024-11-17
R10558,15166,574,4,2024-11-17
R10559,15285,3423,4,2024-11-17
R10560,15299,2720,4,2024-11-17
R10561,15035,2027,4,2024-11-17
R10562,15259,2945,5,2024-11-17
R10563,15056,4214,4,2024-11-17
R10564,15101,1369,4,2024-11-17
R10565,15158,2754,4,2024-11-17
R10566,15291,1945,4,2024-11-17
R10567,15128,1148,4,2024-11-17
R10568,15077,2352,4,2024-11-17
R10569,15083,558,5,2024-11-17
R10570,15243,2841,5,2024-11-18
R10571,15000,2389,4,2024-11-18
R10572,15269,4148,2,2024-11-18
R10573,15296,3218,4,2024-11-18
R10574,15017,3470,5,2024-11-18
R10575,15103,1022,5,2024-11-18
R10576,15168,3548,4,2024-11-18
R10577,15267,992,5,2024-11-18
R10578,15107,4031,4,2024-11-18
R10579,15172,2157,5,2024-11-18
R10580,15023,1739,4,2024-11-18
R10581,15224,725,4,2024-11-18
R10582,15094,1767,4,2024-11-18
R10583,15213,1499,1,2024-11-18
R10584,15301,488,3,2024-11-18
R10585,15282,531,4,2024-11-18
R10586,15020,1013,5,2024-11-18
R10587,15141,427,5,2024-11-18
R10588,15194,3540,4,2024-11-18
R10589,15040,4075,4,2024-11-18
R10590,15112,2616,1,2024-11-18
R10591,15101,2242,4,2024-11-18
R10592,15019,2598,3,2024-11-18
R10593,15202,2124,4,2024-11-18
R10594,15229,2418,4,2024-11-18
R10595,15207,3031,4,2024-11-18
R10596,15141,2563,3,2024-11-18
R10597,15158,982,4,2024-11-18
R10598,15254,561,4,2024-11-18
R10599,15311,1889,2,2024-11-18
R10600,15082,3836,4,2024-11-18
R10601,15215,3620,4,2024-11-18
R10602,15007,3772,4,2024-11-18
R10603,15095,4031,4,2024-11-18
R10604,15277,3001,5,2024-11-18
R10605,15198,2952,4,2024-11-18
R10606,15052,1544,4,2024-11-18
R10607,15183,3061,4,2024-11-18
R10608,15308,1296,4,2024-11-18
R10609,15293,655,5,2024-11-18
R10610,15199,3783,4,2024-11-18
R10611,15236,2083,5,2024-11-18
R10613,15287,378,2,2024-11-18
R10614,15194,2598,3,2024-11-18
R10615,15274,921,5,2024-11-18
R10616,15021,3692,4,2024-11-18
R10617,15056,4025,4,2024-11-18
R10618,15056,4044,4,2024-11-18
R10619,15224,1673,4,2024-11-18
R10620,15001,689,4,2024-11-19
R10621,15019,2012,5,2024-11-19
R10622,15217,3053,4,2024-11-19
R10623,15179,2012,4,2024-11-19
R10624,15105,4229,4,2024-11-19
R10625,15283,1227,4,2024-11-19
R10626,15301,3757,3,2024-11-19
R10627,15306,1521,4,2024-11-19
R10628,15171,1384,2,2024-11-19
R10629,15308,1389,3,2024-11-19
R10630,15205,1321,1,2024-11-19
R10631,15166,1177,4,2024-11-19
R10632,15165,45,5,2024-11-19
R10633,15120,1739,5,2024-11-19
R10634,15316,2308,4,2024-11-19
R10635,15019,2614,3,2024-11-19
R10636,15000,3004,4,2024-11-19
R10637,15095,1936,4,2024-11-19
R10638,15076,1140,4,2024-11-19
R10639,15298,3570,5,2024-11-19
R10640,15249,3844,4,2024-11-19
R10641,15115,3579,4,2024-11-19
R10642,15115,1676,4,2024-11-19
R10643,15259,2278,5,2024-11-19
R10644,15150,4016,4,2024-11-19
R10645,15103,2754,4,2024-11-19
R10647,15145,3232,5,2024-11-19
R10648,15321,3996,5,2024-11-19
R10649,15169,1710,5,2024-11-19
R10650,15085,676,4,2024-11-19
R10651,15274,3199,5,2024-11-19
R10652,15237,3195,3,2024-11-19
R10653,15073,2479,4,2024-11-19
R10654,15223,2628,2,2024-11-19
R10655,15056,2952,4,2024-11-19
R10657,15298,257,4,2024-11-19
R10659,15005,3859,4,2024-11-19
R10660,15220,3783,4,2024-11-19
R10661,15077,1369,4,2024-11-19
R10662,15059,3999,4,2024-11-19
R10663,15273,2447,4,2024-11-19
R10664,15168,526,4,2024-11-19
R10665,15130,2274,4,2024-11-19
R10666,15296,639,5,2024-11-19
R10667,15249,3000,4,2024-11-19
R10668,15308,1369,4,2024-11-19
R10669,15196,11,4,2024-11-19
R10670,15073,857,5,2024-11-19
R10671,15165,472,4,2024-11-19
R10672,15322,2418,4,2024-11-19
R10673,15169,2362,4,2024-11-19
R10674,15110,3932,4,2024-11-19
R10675,15107,3826,4,2024-11-19
R10676,15321,4017,4,2024-11-20
R10677,15178,1487,4,2024-11-20
R10678,15095,2366,4,2024-11-20
R10679,15334,48,4,2024-11-20
R10680,15019,1175,4,2024-11-20
R10681,15199,1353,4,2024-11-20
R10682,15154,2732,3,2024-11-20
R10684,15099,3299,4,2024-11-20
R10685,15081,2663,4,2024-11-20
R10686,15230,3435,5,2024-11-20
R10687,15130,187,4,2024-11-20
R10688,15271,2418,4,2024-11-20
R10689,15078,3842,4,2024-11-20
R10690,15002,1460,4,2024-11-20
R10691,15267,3248,4,2024-11-20
R10692,15052,1054,5,2024-11-20
R10693,15273,2669,4,2024-11-20
R10694,15224,2577,4,2024-11-20
R10695,15211,1334,4,2024-11-20
R10696,15220,570,4,2024-11-20
R10697,15207,2197,5,2024-11-20
R10698,15271,2503,5,2024-11-20
R10699,15273,496,5,2024-11-20
R10700,15172,3598,5,2024-11-20
R10701,15194,2722,2,2024-11-20
R10702,15220,3166,4,2024-11-20
R10703,15202,2401,4,2024-11-20
R10704,15267,3627,4,2024-11-20
R10705,15301,3421,5,2024-11-20
R10706,15205,876,5,2024-11-20
R10707,15329,2245,5,2024-11-20
R10708,15022,1255,4,2024-11-20
R10709,15015,912,4,2024-11-20
R10710,15329,2674,3,2024-11-20
R10711,15023,942,4,2024-11-20
R10712,15225,1208,4,2024-11-20
R10713,15167,1294,4,2024-11-20
R10714,15285,1596,4,2024-11-20
R10715,15099,4221,4,2024-11-20
R10717,15198,3738,4,2024-11-20
R10718,15291,1767,4,2024-11-20
R10719,15136,3000,4,2024-11-20
R10720,15308,447,5,2024-11-20
R10721,15154,703,4,2024-11-20
R10722,15207,166,4,2024-11-20
R10723,15306,1054,5,2024-11-20
R10724,15243,240,3,2024-11-20
R10725,15298,3836,1,2024-11-20
R10726,15001,2835,5,2024-11-20
R10727,15311,821,3,2024-11-20
R10728,15320,488,4,2024-11-20
R10729,15000,558,4,2024-11-20
R10730,15128,420,4,2024-11-20
R10731,15074,1823,4,2024-11-20
R10732,15107,3757,5,2024-11-20
R10733,15363,1802,5,2024-11-21
R10734,15079,2754,4,2024-11-21
R10735,15319,3627,5,2024-11-21
R10736,15209,3004,5,2024-11-21
R10737,15328,1226,2,2024-11-21
R10738,15077,3379,5,2024-11-21
R10739,15125,2882,5,2024-11-21
R10740,15361,223,4,2024-11-21
R10741,15072,570,5,2024-11-21
R10743,15178,331,3,2024-11-21
R10744,15319,1437,5,2024-11-21
R10745,15320,857,4,2024-11-21
R10746,15362,2607,2,2024-11-21
R10747,15314,1484,5,2024-11-21
R10748,15345,2328,4,2024-11-21
R10749,15049,1617,4,2024-11-21
R10750,15363,3932,2,2024-11-21
R10751,15316,3421,5,2024-11-21
R10752,15301,1362,5,2024-11-21
R10753,15040,3232,5,2024-11-21
R10754,15347,2247,5,2024-11-21
R10756,15056,3162,4,2024-11-21
R10757,15107,1595,4,2024-11-21
R10758,15317,2761,5,2024-11-21
R10759,15000,2138,5,2024-11-21
R10760,15044,3735,4,2024-11-21
R10761,15249,2046,4,2024-11-21
R10762,15215,3356,5,2024-11-21
R10763,15085,627,4,2024-11-21
R10764,15061,2778,4,2024-11-21
R10765,15175,1714,5,2024-11-21
R10766,15139,504,4,2024-11-21
R10767,15340,3333,4,2024-11-21
R10768,15017,826,4,2024-11-21
R10769,15126,2855,4,2024-11-21
R10770,15052,1495,4,2024-11-21
R10771,15352,1022,5,2024-11-21
R10772,15273,1208,4,2024-11-21
R10773,15165,1054,4,2024-11-21
R10774,15281,3644,4,2024-11-21
R10775,15332,1140,3,2024-11-21
R10776,15179,4214,4,2024-11-21
R10777,15107,2842,5,2024-11-21
R10778,15255,790,4,2024-11-21
R10779,15223,2349,2,2024-11-21
R10780,15237,1510,4,2024-11-21
R10781,15078,3974,4,2024-11-21
R10782,15175,1036,4,2024-11-21
R10783,15353,2494,4,2024-11-21
R10784,15085,2565,4,2024-11-21
R10785,15338,2382,3,2024-11-21
R10786,15314,2157,4,2024-11-21
R10787,15281,821,5,2024-11-22
R10788,15243,2837,4,2024-11-22
R10789,15283,3946,5,2024-11-22
R10790,15211,2607,3,2024-11-22
R10791,15101,3735,3,2024-11-22
R10792,15077,1191,4,2024-11-22
R10793,15259,2308,5,2024-11-22
R10795,15125,2817,2,2024-11-22
R10796,15236,2838,5,2024-11-22
R10797,15095,1433,3,2024-11-22
R10798,15019,3842,4,2024-11-22
R10799,15130,1484,4,2024-11-22
R10800,15022,3065,4,2024-11-22
R10801,15256,438,5,2024-11-22
R10802,15334,1482,4,2024-11-22
R10803,15073,2942,4,2024-11-22
R10804,15341,4008,4,2024-11-22
R10805,15175,982,4,2024-11-22
R10806,15112,2206,5,2024-11-22
R10807,15194,2289,2,2024-11-22
R10808,15257,2193,4,2024-11-22
R10809,15223,3163,2,2024-11-22
R10810,15169,1479,4,2024-11-22
R10811,15074,2653,2,2024-11-22
R10812,15336,4148,4,2024-11-22
R10813,15356,1637,4,2024-11-22
R10814,15358,3900,4,2024-11-22
R10815,15101,206,5,2024-11-22
R10816,15358,2701,1,2024-11-22
R10817,15268,3423,5,2024-11-22
R10818,15357,1909,4,2024-11-22
R10819,15363,2041,4,2024-11-22
R10820,15373,1575,4,2024-11-22
R10821,15332,2268,4,2024-11-22
R10822,15115,1390,3,2024-11-22
R10823,15022,17,2,2024-11-22
R10824,15362,954,4,2024-11-22
R10825,15324,2362,4,2024-11-22
R10826,15094,1482,4,2024-11-22
R10827,15291,2157,4,2024-11-22
R10828,15282,1537,4,2024-11-22
R10829,15227,2418,4,2024-11-22
R10830,15168,3742,3,2024-11-22
R10831,15362,3558,5,2024-11-22
R10832,15223,1297,4,2024-11-22
R10833,15086,1443,4,2024-11-22
R10834,15322,3548,3,2024-11-22
R10835,15336,3548,2,2024-11-22
R10836,15299,1170,4,2024-11-22
R10837,15267,51,4,2024-11-22
R10838,15115,443,4,2024-11-22
R10839,15282,1208,2,2024-11-22
R10840,15320,2593,3,2024-11-22
R10841,15007,2090,4,2024-11-22
R10842,15224,1899,4,2024-11-22
R10843,15272,2945,4,2024-11-22
R10844,15341,13,5,2024-11-22
R10845,15306,1148,4,2024-11-22
R10846,15194,2577,2,2024-11-22
R10847,15172,534,5,2024-11-22
R10848,15259,240,5,2024-11-22
R10849,15373,2701,4,2024-11-22
R10850,15020,1137,4,2024-11-22
R10851,15215,3065,5,2024-11-22
R10852,15347,3540,5,2024-11-22
R10853,15317,1353,4,2024-11-22
R10854,15287,3842,4,2024-11-22
R10855,15361,3232,4,2024-11-22
R10856,15172,3423,4,2024-11-22
R10857,15255,3232,2,2024-11-22
R10858,15021,207,4,2024-11-23
R10859,15154,4031,4,2024-11-23
R10860,15107,2116,3,2024-11-23
R10861,15145,4212,4,2024-11-23
R10862,15198,1477,3,2024-11-23
R10863,15328,1963,5,2024-11-23
R10864,15364,3311,4,2024-11-23
R10865,15349,3974,5,2024-11-23
R10866,15078,2349,4,2024-11-23
R10867,15268,447,4,2024-11-23
R10869,15119,2842,5,2024-11-23
R10870,15390,689,2,2024-11-23
R10871,15015,3797,2,2024-11-23
R10872,15228,3783,4,2024-11-23
R10873,15387,1494,4,2024-11-23
R10874,15344,865,4,2024-11-23
R10875,15141,2594,2,2024-11-23
R10876,15077,3805,4,2024-11-23
R10877,15213,2697,2,2024-11-23
R10878,15015,3162,5,2024-11-23
R10880,15396,3759,3,2024-11-23
R10881,15103,574,4,2024-11-23
R10883,15298,3321,5,2024-11-23
R10884,15273,3232,5,2024-11-23
R10885,15270,823,5,2024-11-23
R10886,15299,1484,4,2024-11-23
R10887,15338,2402,3,2024-11-23
R10888,15348,2393,4,2024-11-23
R10889,15020,622,4,2024-11-23
R10890,15022,2720,4,2024-11-23
R10891,15291,3880,4,2024-11-23
R10892,15085,792,4,2024-11-23
R10893,15316,3710,3,2024-11-23
R10894,15054,3673,5,2024-11-23
R10895,15285,1148,2,2024-11-23
R10896,15030,4080,4,2024-11-23
R10897,15130,2393,2,2024-11-23
R10898,15241,1053,2,2024-11-23
R10899,15052,1208,4,2024-11-23
R10900,15359,2691,3,2024-11-23
R10901,15372,3932,4,2024-11-23
R10902,15322,2015,5,2024-11-23
R10903,15321,650,4,2024-11-23
R10904,15110,4033,4,2024-11-23
R10905,15126,3379,5,2024-11-23
R10906,15119,4015,4,2024-11-23
R10907,15134,2479,2,2024-11-23
R10908,15339,1186,4,2024-11-23
R10909,15237,360,4,2024-11-23
R10910,15297,2202,4,2024-11-23
R10911,15272,283,5,2024-11-23
R10912,15098,4105,4,2024-11-23
R10913,15339,2663,2,2024-11-23
R10914,15255,2505,2,2024-11-23
R10915,15166,2842,4,2024-11-23
R10916,15072,2595,4,2024-11-23
R10917,15334,3065,4,2024-11-23
R10918,15081,2148,4,2024-11-23
R10919,15329,574,4,2024-11-23
R10920,15056,4049,4,2024-11-23
R10921,15156,3148,5,2024-11-23
R10922,15332,1039,3,2024-11-23
R10923,15198,1909,4,2024-11-23
R10924,15103,3166,4,2024-11-23
R10925,15341,2366,4,2024-11-23
R10926,15283,3333,4,2024-11-23
R10927,15228,4,4,2024-11-23
R10928,15168,1168,4,2024-11-23
R10929,15358,3778,3,2024-11-23
R10930,15359,942,4,2024-11-23
R10931,15213,4212,3,2024-11-23
R10932,15329,1771,4,2024-11-23
R10933,15230,2663,3,2024-11-23
R10934,15098,1767,4,2024-11-23
R10935,15074,1521,4,2024-11-23
R10936,15270,1767,5,2024-11-23
R10937,15205,1425,4,2024-11-23
R10938,15314,360,5,2024-11-23
R10939,15271,1499,4,2024-11-23
R10940,15167,2289,5,2024-11-23
R10941,15054,2015,4,2024-11-23
R10943,15168,1510,4,2024-11-24
R10944,15352,2729,3,2024-11-24
R10945,15352,3248,5,2024-11-24
R10946,15049,3772,5,2024-11-24
R10947,15152,1874,4,2024-11-24
R10948,15296,3741,5,2024-11-24
R10949,15349,3844,4,2024-11-24
R10950,15001,2157,5,2024-11-24
R10951,15317,3578,5,2024-11-24
R10952,15015,1359,4,2024-11-24
R10953,15107,3212,5,2024-11-24
R10954,15399,4148,4,2024-11-24
R10955,15035,2385,4,2024-11-24
R10956,15243,1207,2,2024-11-24
R10957,15390,4225,2,2024-11-24
R10958,15285,1134,4,2024-11-24
R10960,15324,4140,2,2024-11-24
R10961,15085,1039,4,2024-11-24
R10962,15229,550,5,2024-11-24
R10963,15194,2720,3,2024-11-24
R10964,15390,2104,5,2024-11-24
R10965,15196,2741,2,2024-11-24
R10966,15072,3333,4,2024-11-24
R10967,15269,1959,4,2024-11-24
R10968,15364,2882,2,2024-11-24
R10969,15112,437,4,2024-11-24
R10971,15130,3757,4,2024-11-24
R10972,15274,4214,4,2024-11-24
R10973,15376,982,5,2024-11-24
R10974,15321,2337,4,2024-11-24
R10975,15316,917,2,2024-11-24
R10976,15261,360,4,2024-11-24
R10977,15107,721,5,2024-11-24
R10978,15398,689,4,2024-11-24
R10979,15293,2652,2,2024-11-24
R10980,15257,331,4,2024-11-24
R10981,15215,2027,4,2024-11-24
R10982,15205,2782,4,2024-11-24
R10983,15120,2628,3,2024-11-24
R10984,15139,4062,4,2024-11-24
R10985,15156,3662,4,2024-11-24
R10986,15192,2048,4,2024-11-24
R10987,15179,633,4,2024-11-24
R10988,15112,2328,4,2024-11-24
R10989,15030,1837,4,2024-11-24
R10990,15394,3232,5,2024-11-24
R10991,15274,11,5,2024-11-24
R10992,15314,552,4,2024-11-24
R10993,15340,1909,4,2024-11-24
R10994,15110,3999,5,2024-11-24
R10995,15370,3692,4,2024-11-24
R10996,15254,162,2,2024-11-24
R10997,15079,1495,2,2024-11-24
R10998,15361,431,4,2024-11-24
R10999,15255,3299,2,2024-11-24
R11000,15115,970,2,2024-11-24
R11001,15391,2616,2,2024-11-24
R11002,15056,2299,5,2024-11-24
R11003,15257,3125,4,2024-11-24
R11004,15399,3643,4,2024-11-24
R11005,15271,45,5,2024-11-24
R11006,15298,1665,4,2024-11-24
R11007,15103,3578,4,2024-11-24
R11008,15020,3269,5,2024-11-24
R11009,15311,721,5,2024-11-24
R11010,15363,1670,4,2024-11-24
R11011,15072,2708,3,2024-11-24
R11012,15407,1004,3,2024-11-24
R11013,15319,191,5,2024-11-24
R11014,15059,2769,4,2024-11-24
R11015,15168,1636,4,2024-11-24
R11016,15020,1887,5,2024-11-24
R11017,15061,965,4,2024-11-24
R11018,15079,3627,5,2024-11-24
R11019,15104,2663,2,2024-11-24
R11020,15374,2628,1,2024-11-24
R11021,15298,1390,3,2024-11-24
R11022,15387,1691,5,2024-11-24
R11023,15285,446,5,2024-11-24
R11024,15168,2915,2,2024-11-24
R11025,15023,3021,3,2024-11-24
R11026,15275,2450,4,2024-11-24
R11028,15338,1839,4,2024-11-24
R11029,15024,3742,4,2024-11-24
R11030,15230,3161,4,2024-11-24
R11031,15334,1460,4,2024-11-24
R11032,15115,3651,4,2024-11-24
R11033,15390,1175,4,2024-11-24
R11034,15374,360,4,2024-11-24
R11035,15134,1715,4,2024-11-24
R11036,15406,2015,5,2024-11-24
R11037,15375,3635,5,2024-11-24
R11038,15283,472,4,2024-11-24
R11039,15101,2027,5,2024-11-24
R11040,15152,4212,4,2024-11-24
R11041,15156,1253,3,2024-11-24
R11042,15348,3787,4,2024-11-24
R11043,15259,1208,4,2024-11-24
R11044,15311,1208,4,2024-11-24
R11045,15063,2328,5,2024-11-24
R11046,15358,3871,2,2024-11-24
R11048,15141,434,5,2024-11-25
R11049,15125,2981,5,2024-11-25
R11050,15119,2652,4,2024-11-25
R11051,15293,3999,4,2024-11-25
R11052,15015,3779,4,2024-11-25
R11053,15196,2912,4,2024-11-25
R11054,15167,3932,5,2024-11-25
R11055,15207,3028,5,2024-11-25
R11056,15004,2945,5,2024-11-25
R11057,15049,269,4,2024-11-25
R11058,15261,3405,5,2024-11-25
R11059,15074,2720,3,2024-11-25
R11060,15329,905,5,2024-11-25
R11061,15306,11,4,2024-11-25
R11062,15061,3732,4,2024-11-25
R11063,15394,1344,4,2024-11-25
R11064,15198,1823,4,2024-11-25
R11065,15356,2027,5,2024-11-25
R11066,15125,857,5,2024-11-25
R11067,15267,2245,4,2024-11-25
R11069,15103,109,2,2024-11-25
R11070,15139,1226,4,2024-11-25
R11071,15415,2447,4,2024-11-25
R11072,15052,3299,5,2024-11-25
R11073,15002,3347,4,2024-11-25
R11074,15103,466,4,2024-11-25
R11075,15273,2616,4,2024-11-25
R11076,15052,823,5,2024-11-25
R11077,15168,181,4,2024-11-25
R11078,15105,1739,4,2024-11-25
R11079,15361,3981,3,2024-11-25
R11080,15297,1093,4,2024-11-25
R11081,15215,1352,4,2024-11-25
R11082,15236,2048,2,2024-11-25
R11083,15274,834,4,2024-11-25
R11084,15094,3892,4,2024-11-25
R11085,15353,45,4,2024-11-25
R11086,15306,4135,4,2024-11-25
R11087,15311,2483,4,2024-11-25
R11088,15291,2691,2,2024-11-25
R11089,15158,234,5,2024-11-25
R11090,15394,3679,4,2024-11-25
R11091,15001,1887,5,2024-11-25
R11092,15226,1341,3,2024-11-25
R11093,15254,2420,4,2024-11-25
R11094,15167,2873,5,2024-11-25
R11095,15130,438,5,2024-11-25
R11096,15386,3894,2,2024-11-25
R11097,15282,105,3,2024-11-25
R11098,15094,2879,5,2024-11-25
R11099,15416,472,2,2024-11-25
R11100,15052,3014,4,2024-11-25
R11101,15083,1175,4,2024-11-25
R11102,15291,3643,1,2024-11-25
R11103,15316,3643,4,2024-11-25
R11104,15356,504,5,2024-11-25
R11105,15171,1277,4,2024-11-25
R11106,15335,194,5,2024-11-25
R11107,15271,3859,4,2024-11-25
R11108,15175,1216,4,2024-11-25
R11109,15073,4080,4,2024-11-25
R11110,15387,4105,4,2024-11-25
R11111,15340,3578,4,2024-11-25
R11112,15225,2245,5,2024-11-25
R11113,15335,504,4,2024-11-25
R11114,15119,3999,4,2024-11-25
R11115,15339,3871,4,2024-11-25
R11116,15125,312,4,2024-11-25
R11117,15021,4104,2,2024-11-25
R11118,15079,2817,4,2024-11-25
R11119,15437,3692,5,2024-11-25
R11120,15002,472,4,2024-11-25
R11121,15061,2027,4,2024-11-25
R11122,15237,3200,5,2024-11-26
R11123,15399,1477,4,2024-11-26
R11124,15374,2083,4,2024-11-26
R11125,15019,4049,4,2024-11-26
R11126,15455,921,4,2024-11-26
R11127,15306,2616,2,2024-11-26
R11128,15054,2157,5,2024-11-26
R11129,15445,1836,4,2024-11-26
R11130,15105,2835,5,2024-11-26
R11131,15040,1140,5,2024-11-26
R11132,15275,360,3,2024-11-26
R11133,15273,1437,4,2024-11-26
R11134,15183,3627,5,2024-11-26
R11135,15398,86,5,2024-11-26
R11136,15336,3598,4,2024-11-26
R11137,15243,2090,4,2024-11-26
R11138,15056,4214,4,2024-11-26
R11139,15257,1140,5,2024-11-26
R11140,15224,1471,4,2024-11-26
R11141,15017,249,4,2024-11-26
R11142,15363,2714,3,2024-11-26
R11143,15445,1226,4,2024-11-26
R11144,15422,3988,4,2024-11-26
R11145,15078,2720,2,2024-11-26
R11146,15394,2865,4,2024-11-26
R11147,15429,3232,4,2024-11-26
R11148,15004,3662,5,2024-11-26
R11149,15407,1521,4,2024-11-26
R11150,15272,2661,2,2024-11-26
R11151,15422,105,2,2024-11-26
R11152,15345,240,4,2024-11-26
R11153,15353,3627,5,2024-11-26
R11154,15007,3410,5,2024-11-26
R11155,15243,3988,2,2024-11-26
R11156,15277,1185,4,2024-11-26
R11157,15198,378,4,2024-11-26
R11158,15020,3999,5,2024-11-26
R11159,15449,191,4,2024-11-26
R11160,15387,3418,4,2024-11-26
R11161,15459,3929,5,2024-11-26
R11162,15054,1909,2,2024-11-26
R11163,15213,4105,3,2024-11-26
R11164,15437,234,5,2024-11-26
R11165,15150,3004,4,2024-11-26
R11166,15074,2607,2,2024-11-26
R11167,15334,109,4,2024-11-26
R11168,15344,2380,4,2024-11-26
R11169,15359,4031,2,2024-11-26
R11170,15243,1739,4,2024-11-26
R11171,15320,526,4,2024-11-26
R11172,15308,2916,5,2024-11-26
R11173,15458,4008,4,2024-11-26
R11174,15126,552,4,2024-11-26
R11175,15351,3871,5,2024-11-26
R11176,15415,3644,4,2024-11-26
R11177,15256,1144,4,2024-11-26
R11178,15448,2050,4,2024-11-26
R11179,15320,2817,4,2024-11-26
R11180,15268,4032,4,2024-11-26
R11181,15175,1771,5,2024-11-26
R11182,15130,360,4,2024-11-26
R11183,15452,10,4,2024-11-26
R11184,15077,1636,4,2024-11-26
R11185,15207,2851,4,2024-11-26
R11186,15103,1595,4,2024-11-26
R11187,15158,1914,4,2024-11-26
R11188,15314,1443,1,2024-11-27
R11189,15269,3356,5,2024-11-27
R11190,15328,714,2,2024-11-27
R11191,15154,286,4,2024-11-27
R11192,15052,2514,2,2024-11-27
R11193,15403,2479,4,2024-11-27
R11194,15291,1443,4,2024-11-27
R11195,15459,261,5,2024-11-27
R11196,15150,3166,4,2024-11-27
R11197,15268,1422,4,2024-11-27
R11198,15179,3015,5,2024-11-27
R11199,15017,2320,4,2024-11-27
R11200,15365,3722,4,2024-11-27
R11201,15448,2132,4,2024-11-27
R11203,15314,2015,4,2024-11-27
R11204,15099,1531,1,2024-11-27
R11205,15463,2723,3,2024-11-27
R11206,15217,823,5,2024-11-27
R11207,15015,2116,4,2024-11-27
R11208,15319,2202,5,2024-11-27
R11209,15019,187,4,2024-11-27
R11210,15449,821,5,2024-11-27
R11211,15390,2952,4,2024-11-27
R11212,15192,1352,2,2024-11-27
R11213,15256,2075,5,2024-11-27
R11214,15321,3599,5,2024-11-27
R11215,15321,495,3,2024-11-27
R11216,15375,706,4,2024-11-27
R11217,15332,2577,4,2024-11-27
R11219,15456,913,5,2024-11-27
R11220,15139,238,5,2024-11-27
R11221,15271,1854,4,2024-11-27
R11222,15267,1779,4,2024-11-27
R11223,15419,2842,4,2024-11-27
R11224,15432,2041,4,2024-11-27
R11225,15128,378,2,2024-11-27
R11226,15449,1150,4,2024-11-27
R11227,15229,2352,3,2024-11-27
R11228,15083,676,3,2024-11-27
R11229,15340,3578,3,2024-11-27
R11230,15094,3061,4,2024-11-27
R11231,15268,1834,5,2024-11-27
R11232,15211,1158,4,2024-11-27
R11233,15103,1698,5,2024-11-27
R11234,15275,2202,2,2024-11-27
R11235,15285,2352,4,2024-11-27
R11236,15432,2604,2,2024-11-27
R11237,15396,2693,2,2024-11-27
R11238,15428,2352,3,2024-11-27
R11239,15183,4049,4,2024-11-27
R11240,15450,3556,4,2024-11-27
R11241,15439,3019,5,2024-11-27
R11242,15020,1649,4,2024-11-27
R11244,15274,1185,2,2024-11-27
R11245,15223,4167,4,2024-11-27
R11246,15112,194,4,2024-11-27
R11247,15085,3988,4,2024-11-27
R11248,15275,1185,2,2024-11-27
R11250,15063,4061,4,2024-11-27
R11251,15365,3339,4,2024-11-27
R11252,15224,2320,4,2024-11-27
R11253,15429,3540,5,2024-11-27
R11254,15322,3816,1,2024-11-27
R11255,15082,128,4,2024-11-27
R11256,15254,109,5,2024-11-27
R11257,15173,1482,4,2024-11-27
R11258,15373,22,4,2024-11-27
R11259,15356,4044,4,2024-11-27
R11260,15341,913,5,2024-11-27
R11261,15243,4025,4,2024-11-27
R11262,15168,3061,4,2024-11-27
R11264,15001,1779,4,2024-11-27
R11265,15345,2624,2,2024-11-27
R11266,15107,1783,4,2024-11-28
R11267,15321,4080,4,2024-11-28
R11268,15351,2722,4,2024-11-28
R11269,15154,1347,4,2024-11-28
R11270,15236,1369,2,2024-11-28
R11271,15316,331,4,2024-11-28
R11272,15115,3710,5,2024-11-28
R11273,15362,706,4,2024-11-28
R11274,15207,4229,4,2024-11-28
R11275,15141,3232,2,2024-11-28
R11276,15085,3742,4,2024-11-28
R11277,15211,2380,4,2024-11-28
R11278,15254,1093,4,2024-11-28
R11279,15001,2598,4,2024-11-28
R11280,15215,438,4,2024-11-28
R11281,15370,552,5,2024-11-28
R11282,15319,72,4,2024-11-28
R11283,15015,1595,5,2024-11-28
R11284,15493,504,5,2024-11-28
R11285,15338,1229,3,2024-11-28
R11286,15477,2882,4,2024-11-28
R11287,15461,3974,3,2024-11-28
R11288,15072,2563,4,2024-11-28
R11289,15255,942,5,2024-11-28
R11290,15448,2048,4,2024-11-28
R11291,15470,434,4,2024-11-28
R11292,15399,942,5,2024-11-28
R11293,15125,283,5,2024-11-28
R11294,15488,3224,4,2024-11-28
R11295,15296,1742,4,2024-11-28
R11296,15322,4105,4,2024-11-28
R11297,15152,3742,4,2024-11-28
R11298,15349,3655,5,2024-11-28
R11299,15387,253,5,2024-11-28
R11300,15021,1267,3,2024-11-28
R11302,15272,3757,4,2024-11-28
R11303,15285,650,5,2024-11-28
R11304,15361,982,3,2024-11-28
R11305,15154,2278,4,2024-11-28
R11306,15213,2316,5,2024-11-28
R11307,15293,1260,4,2024-11-28
R11308,15502,472,4,2024-11-28
R11309,15225,1732,4,2024-11-28
R11310,15352,2729,2,2024-11-28
R11311,15072,3627,4,2024-11-28
R11312,15479,1287,4,2024-11-28
R11313,15211,1105,4,2024-11-28
R11314,15126,2701,2,2024-11-28
R11315,15095,3742,4,2024-11-28
R11316,15078,2237,4,2024-11-28
R11317,15205,579,5,2024-11-28
R11318,15104,48,4,2024-11-28
R11319,15329,2418,4,2024-11-28
R11320,15107,462,4,2024-11-28
R11321,15076,1552,4,2024-11-28
R11322,15439,1700,5,2024-11-28
R11323,15270,3787,5,2024-11-28
R11324,15083,1537,4,2024-11-28
R11325,15308,1958,5,2024-11-28
R11326,15375,670,5,2024-11-28
R11327,15403,3826,4,2024-11-28
R11328,15452,1054,5,2024-11-28
R11329,15448,183,4,2024-11-28
R11330,15335,3472,5,2024-11-28
R11331,15438,1715,5,2024-11-28
R11332,15167,2865,4,2024-11-28
R11333,15269,671,4,2024-11-28
R11334,15375,680,5,2024-11-28
R11335,15237,1063,4,2024-11-28
R11337,15375,4094,3,2024-11-28
R11338,15202,747,4,2024-11-28
R11339,15287,2289,4,2024-11-28
R11340,15110,558,2,2024-11-28
R11341,15243,1471,4,2024-11-28
R11342,15373,1444,4,2024-11-28
R11343,15370,4109,2,2024-11-28
R11345,15179,1406,4,2024-11-28
R11346,15271,2157,4,2024-11-28
R11347,15408,279,5,2024-11-28
R11348,15370,701,5,2024-11-28
R11349,15428,2289,4,2024-11-28
R11350,15039,1529,2,2024-11-29
R11351,15281,3739,4,2024-11-29
R11352,15215,2661,3,2024-11-29
R11353,15274,3772,4,2024-11-29
R11354,15217,240,2,2024-11-29
R11355,15403,1499,4,2024-11-29
R11356,15072,2418,2,2024-11-29
R11357,15094,2027,5,2024-11-29
R11358,15226,823,5,2024-11-29
R11359,15236,159,3,2024-11-29
R11360,15103,3836,5,2024-11-29
R11361,15462,3232,3,2024-11-29
R11362,15359,2565,3,2024-11-29
R11363,15502,2281,5,2024-11-29
R11364,15171,525,4,2024-11-29
R11365,15517,965,5,2024-11-29
R11366,15077,1924,4,2024-11-29
R11367,15271,3722,4,2024-11-29
R11368,15270,1612,4,2024-11-29
R11369,15374,4061,4,2024-11-29
R11370,15507,109,5,2024-11-29
R11371,15411,3578,5,2024-11-29
R11372,15044,1398,4,2024-11-29
R11373,15319,3677,5,2024-11-29
R11375,15175,792,5,2024-11-29
R11376,15361,3145,4,2024-11-29
R11377,15411,3742,5,2024-11-29
R11378,15259,834,5,2024-11-29
R11379,15202,2081,5,2024-11-29
R11380,15336,3742,5,2024-11-29
R11381,15054,2566,4,2024-11-29
R11382,15023,4172,2,2024-11-29
R11383,15319,2942,4,2024-11-29
R11384,15217,516,4,2024-11-29
R11385,15496,378,4,2024-11-29
R11388,15175,2447,4,2024-11-29
R11389,15338,721,4,2024-11-29
R11390,15282,1544,4,2024-11-29
R11391,15429,285,4,2024-11-29
R11392,15172,3162,5,2024-11-29
R11393,15314,2041,3,2024-11-29
R11394,15518,627,5,2024-11-29
R11395,15475,1531,4,2024-11-29
R11396,15452,854,4,2024-11-29
R11397,15287,569,4,2024-11-29
R11398,15478,854,5,2024-11-29
R11399,15509,2113,4,2024-11-29
R11400,15347,4190,4,2024-11-29
R11401,15268,2447,5,2024-11-29
R11403,15156,3181,3,2024-11-29
R11404,15077,2817,4,2024-11-29
R11405,15380,1208,4,2024-11-29
R11406,15365,3578,4,2024-11-29
R11407,15469,3069,5,2024-11-29
R11408,15154,2294,4,2024-11-29
R11410,15285,3169,2,2024-11-29
R11411,15437,1016,5,2024-11-29
R11412,15314,2195,4,2024-11-29
R11413,15193,1390,4,2024-11-29
R11414,15306,821,5,2024-11-29
R11415,15432,1853,5,2024-11-29
R11416,15077,2691,3,2024-11-29
R11418,15408,3040,4,2024-11-29
R11419,15351,1054,4,2024-11-29
R11420,15520,331,4,2024-11-29
R11421,15507,2320,5,2024-11-29
R11422,15419,3742,4,2024-11-29
R11424,15261,3163,4,2024-11-29
R11425,15015,283,4,2024-11-29
R11426,15398,857,5,2024-11-29
R11427,15322,3548,4,2024-11-29
R11428,15086,3333,5,2024-11-29
R11429,15369,1739,4,2024-11-29
R11430,15344,747,5,2024-11-29
R11431,15207,3577,5,2024-11-29
R11432,15207,3456,4,2024-11-29
R11433,15083,579,4,2024-11-29
R11435,15254,416,4,2024-11-29
R11436,15432,3953,4,2024-11-29
R11437,15449,3762,4,2024-11-29
R11438,15344,1544,4,2024-11-29
R11439,15020,4177,4,2024-11-29
R11440,15052,2768,4,2024-11-29
R11441,15077,3094,5,2024-11-29
R11442,15217,1134,4,2024-11-29
R11443,15463,2223,5,2024-11-29
R11444,15364,3232,4,2024-11-29
R11445,15217,2661,3,2024-11-29
R11446,15030,1672,4,2024-11-29
R11447,15112,3321,5,2024-11-29
R11448,15267,2308,5,2024-11-29
R11449,15358,3087,5,2024-11-29
R11450,15112,3681,4,2024-11-29
R11451,15169,2472,4,2024-11-29
R11452,15061,41,4,2024-11-29
R11453,15023,328,4,2024-11-29
R11454,15375,1827,4,2024-11-29
R11455,15514,17,4,2024-11-29
R11456,15311,552,5,2024-11-29
R11457,15079,2817,2,2024-11-29
R11458,15299,2460,4,2024-11-29
R11460,15370,2914,4,2024-11-29
R11461,15485,4162,2,2024-11-29
R11462,15306,1495,2,2024-11-29
R11463,15432,982,5,2024-11-29
R11464,15339,269,5,2024-11-29
R11465,15373,1105,5,2024-11-29
R11466,15110,3738,4,2024-11-29
R11467,15130,378,4,2024-11-29
R11468,15165,1214,4,2024-11-29
R11469,15319,2611,3,2024-11-29
R11470,15104,48,2,2024-11-29
R11471,15375,1768,5,2024-11-29
R11472,15052,109,4,2024-11-29
R11473,15152,2781,4,2024-11-29
R11474,15523,1823,4,2024-11-29
R11475,15074,1671,4,2024-11-29
R11476,15469,676,5,2024-11-29
R11477,15396,2132,4,2024-11-30
R11478,15308,2294,4,2024-11-30
R11479,15072,275,4,2024-11-30
R11480,15256,2817,5,2024-11-30
R11481,15198,4094,3,2024-11-30
R11482,15345,2315,5,2024-11-30
R11483,15128,269,4,2024-11-30
R11484,15329,3953,4,2024-11-30
R11485,15094,2041,4,2024-11-30
R11486,15361,3644,5,2024-11-30
R11487,15150,2663,4,2024-11-30
R11488,15500,3742,4,2024-11-30
R11489,15358,2486,4,2024-11-30
R11490,15329,1135,2,2024-11-30
R11491,15274,1140,2,2024-11-30
R11492,15296,454,4,2024-11-30
R11493,15515,3000,3,2024-11-30
R11494,15171,224,5,2024-11-30
R11495,15156,3570,5,2024-11-30
R11496,15023,283,5,2024-11-30
R11497,15145,2778,4,2024-11-30
R11498,15345,4061,4,2024-11-30
R11499,15527,3655,5,2024-11-30
R11500,15529,106,4,2024-11-30
R11501,15199,3456,4,2024-11-30
R11502,15074,1369,4,2024-11-30
R11503,15459,886,2,2024-11-30
R11504,15249,4124,4,2024-11-30
R11505,15211,921,5,2024-11-30
R11506,15224,3778,4,2024-11-30
R11507,15078,3224,4,2024-11-30
R11508,15359,1734,4,2024-11-30
R11509,15063,1229,4,2024-11-30
R11510,15363,378,4,2024-11-30
R11511,15291,3578,5,2024-11-30
R11512,15107,3275,4,2024-11-30
R11513,15107,438,4,2024-11-30
R11514,15477,2005,4,2024-11-30
R11515,15407,3762,5,2024-11-30
R11516,15156,123,5,2024-11-30
R11517,15311,670,4,2024-11-30
R11518,15128,854,5,2024-11-30
R11519,15412,917,5,2024-11-30
R11520,15199,1739,5,2024-11-30
R11521,15130,2720,1,2024-11-30
R11522,15407,2472,4,2024-11-30
R11523,15391,4031,2,2024-11-30
R11524,15431,2027,4,2024-11-30
R11525,15095,558,4,2024-11-30
R11526,15287,4104,3,2024-11-30
R11527,15199,3195,4,2024-11-30
R11528,15439,3518,4,2024-11-30
R11529,15478,1040,4,2024-11-30
R11530,15259,2168,4,2024-11-30
R11531,15437,2519,4,2024-11-30
R11532,15085,261,2,2024-11-30
R11533,15104,3659,4,2024-11-30
R11534,15364,2315,4,2024-11-30
R11535,15275,1521,4,2024-11-30
R11536,15359,3000,2,2024-11-30
R11537,15298,2723,3,2024-11-30
R11538,15230,2352,4,2024-11-30
R11539,15299,3816,4,2024-11-30
R11540,15301,2594,2,2024-11-30
R11541,15431,126,5,2024-11-30
R11542,15249,2616,4,2024-11-30
R11543,15158,650,3,2024-11-30
R11544,15128,2027,4,2024-11-30
R11545,15311,2817,4,2024-11-30
R11546,15023,552,5,2024-11-30
R11547,15249,982,3,2024-11-30
R11548,15283,1671,4,2024-11-30
R11549,15487,1084,4,2024-11-30
R11550,15513,4109,4,2024-11-30
R11551,15475,3001,4,2024-11-30
R11552,15115,3655,4,2024-11-30
R11553,15387,3561,4,2024-11-30
R11554,15439,2245,2,2024-11-30
R11555,15362,1855,4,2024-11-30
R11556,15356,1767,4,2024-11-30
R11557,15141,3897,4,2024-11-30
R11558,15502,2157,4,2024-11-30
R11559,15370,1369,4,2024-11-30
R11560,15537,380,2,2024-11-30
R11561,15077,3227,4,2024-11-30
R11562,15193,2316,4,2024-11-30
R11563,15314,378,4,2024-11-30
R11564,15078,812,4,2024-11-30
R11565,15338,2663,2,2024-11-30
R11566,15273,1552,4,2024-11-30
R11567,15282,2979,4,2024-11-30
R11568,15291,1636,4,2024-11-30
R11569,15344,1148,2,2024-11-30
R11570,15099,2265,4,2024-11-30
R11571,15328,2612,3,2024-11-30
R11572,15536,2652,2,2024-11-30
R11574,15509,895,4,2024-11-30
R11575,15059,380,4,2024-11-30
R11576,15269,2315,4,2024-11-30
R11577,15225,3559,4,2024-11-30
R11578,15341,2503,3,2024-11-30
R11579,15299,1208,4,2024-11-30
R11580,15103,1013,4,2024-11-30
R11581,15544,1352,4,2024-11-30
R11582,15285,3844,4,2024-11-30
R11583,15344,3148,3,2024-11-30
R11584,15321,4105,1,2024-11-30
R11585,15095,1255,4,2024-11-30
R11586,15546,908,5,2024-11-30
R11587,15052,3207,4,2024-11-30
R11588,15438,2540,3,2024-11-30
R11589,15085,3710,4,2024-11-30
R11590,15479,1484,4,2024-11-30
R11591,15412,2200,5,2024-11-30
R11592,15112,507,5,2024-11-30
R11594,15338,673,5,2024-12-01
R11595,15449,2730,3,2024-12-01
R11596,15507,2505,4,2024-12-01
R11597,15334,2445,4,2024-12-01
R11598,15540,2867,4,2024-12-01
R11599,15341,3783,4,2024-12-01
R11600,15255,3232,5,2024-12-01
R11601,15228,2835,4,2024-12-01
R11602,15268,4023,4,2024-12-01
R11603,15023,4105,4,2024-12-01
R11604,15478,488,4,2024-12-01
R11605,15079,191,4,2024-12-01
R11606,15345,1715,4,2024-12-01
R11607,15103,1739,4,2024-12-01
R11608,15358,437,5,2024-12-01
R11609,15083,3909,4,2024-12-01
R11610,15314,2289,5,2024-12-01
R11611,15243,913,5,2024-12-01
R11612,15172,4049,2,2024-12-01
R11613,15321,3449,5,2024-12-01
R11614,15338,3579,5,2024-12-01
R11615,15287,454,2,2024-12-01
R11616,15237,1057,2,2024-12-01
R11617,15348,1482,4,2024-12-01
R11618,15124,488,4,2024-12-01
R11619,15531,516,3,2024-12-01
R11620,15099,3710,5,2024-12-01
R11621,15249,2027,4,2024-12-01
R11622,15570,303,5,2024-12-01
R11623,15052,2547,2,2024-12-01
R11624,15112,2494,3,2024-12-01
R11625,15489,909,4,2024-12-01
R11626,15432,3590,4,2024-12-01
R11627,15167,2754,4,2024-12-01
R11628,15558,3267,5,2024-12-01
R11629,15376,1054,4,2024-12-01
R11630,15152,1151,4,2024-12-01
R11631,15272,454,4,2024-12-01
R11632,15518,109,5,2024-12-01
R11633,15497,1410,4,2024-12-01
R11634,15225,790,4,2024-12-01
R11635,15374,1191,4,2024-12-01
R11636,15241,3148,4,2024-12-01
R11637,15535,955,5,2024-12-01
R11638,15334,2663,3,2024-12-01
R11639,15478,814,5,2024-12-01
R11640,15198,2817,2,2024-12-01
R11641,15082,1739,5,2024-12-01
R11642,15015,3675,5,2024-12-01
R11643,15336,3699,4,2024-12-01
R11644,15243,2479,4,2024-12-01
R11645,15166,3137,4,2024-12-01
R11646,15094,1158,4,2024-12-01
R11647,15282,2189,4,2024-12-01
R11648,15282,670,4,2024-12-01
R11649,15021,437,4,2024-12-01
R11650,15493,3162,5,2024-12-01
R11651,15224,2407,4,2024-12-01
R11652,15021,4089,4,2024-12-01
R11653,15345,329,4,2024-12-01
R11654,15396,2294,4,2024-12-01
R11655,15475,3687,5,2024-12-01
R11656,15539,4044,4,2024-12-01
R11657,15104,2055,4,2024-12-01
R11658,15502,378,3,2024-12-01
R11659,15079,2514,2,2024-12-01
R11660,15175,507,5,2024-12-01
R11661,15119,2599,2,2024-12-01
R11662,15021,454,5,2024-12-01
R11663,15357,3224,3,2024-12-01
R11664,15277,2942,5,2024-12-01
R11665,15015,2041,4,2024-12-01
R11666,15407,118,5,2024-12-01
R11667,15220,3842,5,2024-12-01
R11668,15356,507,5,2024-12-01
R11669,15344,2118,3,2024-12-01
R11670,15073,1739,5,2024-12-01
R11671,15112,3019,1,2024-12-01
R11672,15380,2598,2,2024-12-01
R11673,15456,462,4,2024-12-01
R11674,15398,2098,4,2024-12-01
R11675,15376,1945,4,2024-12-01
R11676,15396,1964,4,2024-12-01
R11677,15363,1734,5,2024-12-01
R11679,15110,2105,2,2024-12-01
R11680,15225,4212,4,2024-12-01
R11681,15175,2294,4,2024-12-01
R11682,15431,2389,5,2024-12-01
R11683,15372,109,5,2024-12-01
R11684,15073,7,5,2024-12-01
R11685,15559,234,5,2024-12-01
R11686,15291,3163,5,2024-12-01
R11687,15023,2663,2,2024-12-01
R11688,15463,2366,2,2024-12-01
R11689,15030,4229,3,2024-12-01
R11690,15115,1495,4,2024-12-01
R11691,15560,2393,4,2024-12-01
R11692,15056,3757,4,2024-12-01
R11693,15156,2899,2,2024-12-01
R11694,15529,504,5,2024-12-01
R11695,15403,2214,3,2024-12-01
R11696,15515,2328,4,2024-12-01
R11697,15192,559,5,2024-12-01
R11698,15169,2315,4,2024-12-01
R11699,15301,3224,2,2024-12-01
R11700,15399,4076,4,2024-12-01
R11701,15226,1369,4,2024-12-01
R11702,15322,1818,5,2024-12-01
R11703,15485,673,5,2024-12-01
R11704,15376,1734,2,2024-12-01
R11705,15539,4004,4,2024-12-01
R11706,15322,13,5,2024-12-01
R11707,15329,2320,4,2024-12-01
R11708,15259,2113,4,2024-12-01
R11709,15105,4111,4,2024-12-01
R11710,15509,1388,2,2024-12-01
R11711,15437,955,5,2024-12-01
R11712,15107,3155,2,2024-12-01
R11713,15455,2380,4,2024-12-01
R11714,15541,2588,3,2024-12-01
R11715,15561,507,4,2024-12-01
R11716,15556,1712,4,2024-12-01
R11717,15485,696,4,2024-12-01
R11719,15220,3342,5,2024-12-02
R11720,15308,673,4,2024-12-02
R11721,15415,2724,3,2024-12-02
R11722,15369,183,4,2024-12-02
R11724,15536,3988,5,2024-12-02
R11725,15570,4054,4,2024-12-02
R11726,15523,2563,2,2024-12-02
R11727,15229,3723,4,2024-12-02
R11728,15487,3742,5,2024-12-02
R11729,15416,3053,4,2024-12-02
R11730,15394,2157,4,2024-12-02
R11731,15329,2701,2,2024-12-02
R11732,15537,1531,3,2024-12-02
R11733,15568,2817,5,2024-12-02
R11734,15306,1443,3,2024-12-02
R11735,15435,2742,3,2024-12-02
R11736,15587,2855,4,2024-12-02
R11737,15168,3826,4,2024-12-02
R11738,15352,2487,4,2024-12-02
R11739,15352,3654,4,2024-12-02
R11740,15398,1823,4,2024-12-02
R11741,15277,812,5,2024-12-02
R11742,15124,2663,2,2024-12-02
R11743,15450,4225,4,2024-12-02
R11744,15198,1739,5,2024-12-02
R11745,15362,1030,5,2024-12-02
R11746,15497,1475,4,2024-12-02
R11747,15126,4061,4,2024-12-02
R11748,15532,631,3,2024-12-02
R11749,15179,439,5,2024-12-02
R11750,15449,2216,5,2024-12-02
R11751,15136,3224,3,2024-12-02
R11752,15274,2778,5,2024-12-02
R11753,15282,1148,5,2024-12-02
R11754,15513,3072,4,2024-12-02
R11756,15274,1443,4,2024-12-02
R11757,15439,4118,4,2024-12-02
R11759,15380,1185,4,2024-12-02
R11760,15347,1484,4,2024-12-02
R11761,15562,587,4,2024-12-02
R11762,15268,238,5,2024-12-02
R11763,15296,1152,4,2024-12-02
R11764,15437,472,4,2024-12-02
R11765,15259,3548,5,2024-12-02
R11766,15347,2998,4,2024-12-02
R11767,15165,4200,4,2024-12-02
R11768,15551,207,4,2024-12-02
R11769,15095,2328,4,2024-12-02
R11770,15341,1406,4,2024-12-02
R11771,15353,2320,2,2024-12-02
R11772,15299,516,4,2024-12-02
R11773,15455,3816,4,2024-12-02
R11774,15268,3437,3,2024-12-02
R11775,15537,4147,4,2024-12-02
R11776,15561,1529,3,2024-12-02
R11777,15274,3769,4,2024-12-02
R11778,15168,1823,5,2024-12-02
R11779,15380,2027,2,2024-12-02
R11780,15351,574,5,2024-12-02
R11781,15363,2528,3,2024-12-02
R11782,15458,3570,5,2024-12-02
R11783,15056,821,5,2024-12-02
R11784,15226,2912,4,2024-12-02
R11785,15554,821,4,2024-12-02
R11786,15518,1645,4,2024-12-02
R11787,15316,1437,2,2024-12-02
R11788,15086,1148,2,2024-12-02
R11789,15568,2761,5,2024-12-02
R11790,15291,1137,4,2024-12-02
R11791,15458,1347,4,2024-12-02
R11792,15573,1028,5,2024-12-02
R11793,15021,3275,5,2024-12-02
R11795,15390,3053,4,2024-12-02
R11796,15179,3786,4,2024-12-02
R11797,15141,2407,3,2024-12-02
R11798,15317,3333,5,2024-12-02
R11799,15030,3926,2,2024-12-02
R11800,15439,4200,4,2024-12-02
R11801,15412,522,5,2024-12-02
R11802,15398,895,5,2024-12-02
R11803,15412,3787,4,2024-12-02
R11804,15101,3172,3,2024-12-02
R11805,15230,2533,1,2024-12-02
R11806,15227,2691,1,2024-12-02
R11807,15500,2656,2,2024-12-02
R11808,15339,2810,4,2024-12-02
R11809,15532,2318,4,2024-12-02
R11810,15559,3753,4,2024-12-02
R11811,15475,1255,4,2024-12-02
R11812,15394,4147,4,2024-12-02
R11813,15515,552,4,2024-12-02
R11814,15390,3166,4,2024-12-02
R11815,15583,3518,4,2024-12-02
R11816,15573,741,5,2024-12-02
R11817,15115,249,4,2024-12-02
R11818,15589,1352,3,2024-12-03
R11819,15329,86,5,2024-12-03
R11820,15556,2841,4,2024-12-03
R11821,15237,1148,4,2024-12-03
R11822,15217,3573,5,2024-12-03
R11823,15217,2663,3,2024-12-03
R11824,15359,3787,4,2024-12-03
R11825,15169,3988,2,2024-12-03
R11826,15270,1521,4,2024-12-03
R11827,15502,4100,4,2024-12-03
R11828,15369,3000,4,2024-12-03
R11829,15598,3836,4,2024-12-03
R11830,15587,4157,3,2024-12-03
R11831,15000,650,4,2024-12-03
R11832,15321,1191,4,2024-12-03
R11833,15095,138,4,2024-12-03
R11834,15535,2349,4,2024-12-03
R11835,15000,1739,5,2024-12-03
R11836,15257,2934,5,2024-12-03
R11837,15120,2195,5,2024-12-03
R11838,15257,3503,5,2024-12-03
R11839,15275,3313,5,2024-12-03
R11840,15291,214,4,2024-12-03
R11841,15319,2055,5,2024-12-03
R11842,15520,1277,4,2024-12-03
R11843,15103,3175,4,2024-12-03
R11844,15358,2865,4,2024-12-03
R11845,15605,2961,4,2024-12-03
R11846,15373,909,5,2024-12-03
R11847,15110,3892,5,2024-12-03
R11848,15156,2107,2,2024-12-03
R11849,15275,1886,4,2024-12-03
R11850,15487,2697,2,2024-12-03
R11851,15078,191,5,2024-12-03
R11852,15314,2494,2,2024-12-03
R11853,15002,2841,5,2024-12-03
R11854,15194,59,4,2024-12-03
R11855,15125,3965,2,2024-12-03
R11856,15314,109,4,2024-12-03
R11857,15589,3232,4,2024-12-03
R11858,15072,2540,1,2024-12-03
R11859,15167,2386,4,2024-12-03
R11860,15321,965,4,2024-12-03
R11861,15139,54,3,2024-12-03
R11862,15535,3644,5,2024-12-03
R11863,15220,3836,4,2024-12-03
R11864,15167,2418,4,2024-12-03
R11865,15581,166,4,2024-12-03
R11866,15207,2418,3,2024-12-03
R11867,15429,3778,4,2024-12-03
R11868,15273,908,2,2024-12-03
R11870,15298,2594,4,2024-12-03
R11871,15005,670,5,2024-12-03
R11872,15002,3778,4,2024-12-03
R11873,15458,3815,5,2024-12-03
R11874,15259,970,4,2024-12-03
R11875,15359,1909,4,2024-12-03
R11876,15589,378,4,2024-12-03
R11877,15597,3816,5,2024-12-03
R11878,15416,569,5,2024-12-03
R11879,15178,3988,4,2024-12-03
R11880,15539,622,4,2024-12-03
R11881,15298,236,4,2024-12-03
R11882,15478,4044,4,2024-12-03
R11883,15341,798,5,2024-12-03
R11884,15213,454,4,2024-12-03
R11885,15207,3772,4,2024-12-03
R11886,15107,3333,4,2024-12-03
R11887,15537,2697,2,2024-12-03
R11889,15205,302,4,2024-12-03
R11890,15529,428,5,2024-12-03
R11891,15241,3681,4,2024-12-03
R11892,15198,2380,4,2024-12-03
R11893,15559,3266,5,2024-12-03
R11894,15463,4098,4,2024-12-03
R11895,15156,1390,4,2024-12-03
R11896,15493,1132,4,2024-12-03
R11897,15166,207,4,2024-12-03
R11898,15362,2098,4,2024-12-03
R11899,15169,3410,4,2024-12-03
R11900,15493,23,5,2024-12-03
R11901,15119,183,5,2024-12-03
R11902,15489,2976,4,2024-12-03
R11903,15357,1479,2,2024-12-03
R11904,15485,1258,4,2024-12-03
R11905,15435,1353,4,2024-12-03
R11906,15411,2113,4,2024-12-03
R11907,15094,3405,5,2024-12-03
R11908,15194,360,4,2024-12-03
R11909,15581,302,4,2024-12-03
R11910,15074,3022,4,2024-12-03
R11911,15241,1282,4,2024-12-03
R11912,15270,821,5,2024-12-03
R11913,15372,2098,4,2024-12-03
R11914,15002,976,4,2024-12-04
R11915,15549,2661,1,2024-12-04
R11916,15285,207,4,2024-12-04
R11917,15407,2754,4,2024-12-04
R11918,15336,3778,3,2024-12-04
R11919,15340,3232,4,2024-12-04
R11920,15438,2308,4,2024-12-04
R11921,15301,1834,4,2024-12-04
R11922,15358,1134,4,2024-12-04
R11923,15432,48,4,2024-12-04
R11924,15489,3141,5,2024-12-04
R11925,15173,1595,4,2024-12-04
R11926,15520,3640,4,2024-12-04
R11927,15287,917,4,2024-12-04
R11929,15165,1199,4,2024-12-04
R11930,15054,909,5,2024-12-04
R11931,15348,3751,3,2024-12-04
R11932,15273,2151,4,2024-12-04
R11933,15257,675,4,2024-12-04
R11934,15364,3101,4,2024-12-04
R11935,15175,2192,4,2024-12-04
R11936,15277,415,4,2024-12-04
R11937,15322,4109,5,2024-12-04
R11938,15363,3929,4,2024-12-04
R11939,15291,3040,4,2024-12-04
R11940,15448,420,5,2024-12-04
R11941,15005,4025,2,2024-12-04
R11942,15285,4148,4,2024-12-04
R11943,15299,854,4,2024-12-04
R11944,15237,23,2,2024-12-04
R11945,15559,732,4,2024-12-04
R11946,15306,3214,4,2024-12-04
R11947,15001,3410,4,2024-12-04
R11948,15273,4152,4,2024-12-04
R11949,15537,249,4,2024-12-04
R11950,15316,2904,4,2024-12-04
R11951,15213,3932,4,2024-12-04
R11952,15485,4105,4,2024-12-04
R11953,15519,2559,3,2024-12-04
R11954,15227,331,5,2024-12-04
R11955,15489,1478,4,2024-12-04
R11956,15365,2598,4,2024-12-04
R11957,15166,3742,4,2024-12-04
R11958,15329,2362,1,2024-12-04
R11959,15503,1341,4,2024-12-04
R11960,15562,2055,5,2024-12-04
R11961,15270,662,4,2024-12-04
R11962,15615,2202,4,2024-12-04
R11963,15152,3053,4,2024-12-04
R11964,15145,1373,5,2024-12-04
R11965,15412,2865,5,2024-12-04
R11966,15530,689,4,2024-12-04
R11967,15589,1484,4,2024-12-04
R11968,15546,2401,4,2024-12-04
R11969,15587,1597,4,2024-12-04
R11970,15459,2009,5,2024-12-04
R11971,15403,1652,4,2024-12-04
R11972,15461,1398,2,2024-12-04
R11973,15507,2566,3,2024-12-04
R11974,15175,2663,2,2024-12-04
R11975,15536,3548,4,2024-12-04
R11977,15298,2429,3,2024-12-04
R11978,15450,1936,4,2024-12-04
R11980,15158,3101,5,2024-12-04
R11981,15349,3965,2,2024-12-04
R11982,15428,1352,4,2024-12-04
R11983,15168,2393,4,2024-12-04
R11984,15503,2616,3,2024-12-04
R11985,15192,1107,4,2024-12-04
R11986,15052,3141,4,2024-12-04
R11987,15513,823,5,2024-12-04
R11988,15450,671,4,2024-12-04
R11989,15364,3797,4,2024-12-04
R11990,15110,2223,5,2024-12-04
R11991,15166,3421,4,2024-12-04
R11992,15432,378,5,2024-12-04
R11993,15030,2773,5,2024-12-04
R11994,15546,4127,4,2024-12-04
R11995,15353,1698,5,2024-12-04
R11996,15020,4025,4,2024-12-04
R11997,15518,755,5,2024-12-04
R11998,15456,454,5,2024-12-04
R11999,15227,240,4,2024-12-04
R12000,15514,1471,4,2024-12-04
R12001,15306,279,4,2024-12-04
R12002,15241,3299,2,2024-12-04
R12003,15396,2768,4,2024-12-04
R12004,15194,2380,3,2024-12-04
R12005,15489,2830,5,2024-12-04
R12006,15535,1983,5,2024-12-04
R12007,15243,2320,4,2024-12-04
R12008,15299,3844,4,2024-12-04
R12009,15287,4008,4,2024-12-04
R12010,15363,1909,4,2024-12-04
R12011,15211,1739,4,2024-12-04
R12012,15136,2952,4,2024-12-04
R12013,15229,553,4,2024-12-04
R12014,15544,4098,4,2024-12-04
R12015,15399,3232,5,2024-12-05
R12016,15403,3057,5,2024-12-05
R12019,15347,4225,5,2024-12-05
R12020,15406,437,5,2024-12-05
R12021,15403,2195,4,2024-12-05
R12022,15103,2090,4,2024-12-05
R12023,15541,4098,2,2024-12-05
R12024,15637,1158,4,2024-12-05
R12025,15277,3040,3,2024-12-05
R12026,15517,917,5,2024-12-05
R12027,15199,1140,2,2024-12-05
R12028,15558,1936,5,2024-12-05
R12029,15394,3163,5,2024-12-05
R12030,15077,715,3,2024-12-05
R12031,15311,777,4,2024-12-05
R12032,15077,567,4,2024-12-05
R12033,15422,2669,1,2024-12-05
R12034,15320,2773,4,2024-12-05
R12035,15209,3439,5,2024-12-05
R12036,15487,3651,4,2024-12-05
R12037,15194,420,5,2024-12-05
R12038,15241,812,3,2024-12-05
R12039,15317,1013,5,2024-12-05
R12040,15000,2945,5,2024-12-05
R12041,15039,3949,4,2024-12-05
R12042,15530,3923,4,2024-12-05
R12043,15139,1185,4,2024-12-05
R12044,15452,2656,3,2024-12-05
R12045,15478,2549,4,2024-12-05
R12046,15645,4127,4,2024-12-05
R12047,15463,1944,5,2024-12-05
R12048,15493,2389,4,2024-12-05
R12049,15103,1959,4,2024-12-05
R12050,15386,2505,4,2024-12-05
R12051,15493,3421,4,2024-12-05
R12052,15429,2583,3,2024-12-05
R12053,15269,965,4,2024-12-05
R12054,15344,53,4,2024-12-05
R12055,15450,3390,4,2024-12-05
R12056,15125,532,4,2024-12-05
R12057,15615,1959,4,2024-12-05
R12058,15375,1821,5,2024-12-05
R12059,15502,574,4,2024-12-05
R12060,15115,3382,5,2024-12-05
R12061,15125,989,5,2024-12-05
R12062,15562,3540,3,2024-12-05
R12063,15347,48,4,2024-12-05
R12064,15358,3792,5,2024-12-05
